comment_text,final_label
You are a complete failure,1
Nobody respects you,1
Everything you do is wrong,1
You are totally useless,1
People regret knowing you,1
You bring no value anywhere,1
You are a disappointment,1
Everyone avoids you for a reason,1
You ruin everything,1
You are pathetic,1
You are nothing without others,1
Nobody takes you seriously,1
You embarrass yourself constantly,1
You always mess things up,1
You are a burden to others,1
You are a joke,1
No one trusts you,1
You are not capable of anything,1
You fail at everything,1
You are worthless,1
You are useless,1
You are a waste,1
You are worthless,1
You are pathetic,1
You are a failure,1
Nobody likes you,1
You are disgusting,1
You are trash,1
You are a joke,1
You are hopeless,1
You are embarrassing,1
You are inferior,1
You are nothing,1
You are unwanted,1
You are replaceable,1
You are insignificant,1
You are a mistake,1
You are a disgrace,1
You are a burden,1
You ruin everything,1
Everyone hates you,1
You contribute nothing,1
You are completely useless,1
You are beyond help,1
You are an embarrassment to everyone,1
You are mentally weak,1
You are not worth anyone’s time,1
You are a disaster,1
You are the worst,1
You are unbearable,1
You are toxic to everyone around you,1
You are a lost cause,1
You are irrelevant,1
You are a nobody,1
You are good for nothing,1
You are a total failure,1
You are the problem,1
You are the worst kind of person,1
You are a walking disaster,1
You are completely incompetent,1
You are shameful,1
You are an absolute joke,1
You are hopelessly bad,1
You are extremely annoying,1
You are irritating beyond measure,1
You are absolutely useless,1
You are painfully stupid,1
You are an embarrassment,1
You are not needed here,1
You are completely worthless,1
You are a waste of space,1
You are unbearable to deal with,1
You are deeply disappointing,1
You are beyond terrible,1
You are absolutely pathetic,1
You are nothing special,1
You are unwanted here,1
You are not good enough,1
You are extremely disappointing,1
You are the worst example,1
You are a negative influence,1
You are harmful to everyone,1
You are not capable of anything,1
You are hopeless at everything,1
You are a complete mess,1
You are embarrassing yourself,1
You are ruining this,1
You are a waste of effort,1
You are absolutely terrible,1
You are unbearable as a person,1
You are incompetent,1
You are disappointing everyone,1
You are an absolute failure,1
You are the biggest mistake,1
You are not worth the effort,1
You are draining everyone,1
You are incredibly annoying,1
You are a serious problem,1
You are unbearable to tolerate,1
You are absolutely hopeless,1
You are useless in every way,1
You are the worst teammate,1
You are nothing but trouble,1
You are completely irresponsible,1
You are not fit for this,1
You are extremely incapable,1
You are a disaster waiting to happen,1
You are completely hopeless,1
You are an embarrassment to yourself,1
You are failing badly,1
You are the worst person here,1
You are beyond useless,1
You are incredibly disappointing,1
You are deeply incompetent,1
You are not needed at all,1
You are absolutely terrible at this,1
You are the weakest link,1